Year,,Month,Location,number of visitors,,,,,,,,,,,,,小計
101 (2012),101/01,2012/1,香港,"172,687",,,,,,,,,,,,,"861,148"
101 (2012),101/02,2012/2,香港,"162,344",,,,,,,,,,,,,"737,944"
101 (2012),101/03,2012/3,香港,"140,015",,,,,,,,,,,,,"689,111"
101 (2012),101/04,2012/4,香港,"165,907",,,,,,,,,,,,,"817,365"
101 (2012),101/05,2012/5,香港,"162,217",,,,,,,,,,,,,"812,881"
101 (2012),101/06,2012/6,香港,"182,643",,,,,,,,,,,,,"865,673"
101 (2012),101/07,2012/7,香港,"199,490",,,,,,,,,,,,,"995,692"
101 (2012),101/08,2012/8,香港,"185,595",,,,,,,,,,,,,"893,250"
101 (2012),101/09,2012/9,香港,"157,013",,,,,,,,,,,,,"781,515"
101 (2012),101/10,2012/10,香港,"181,475",,,,,,,,,,,,,"875,692"
101 (2012),101/11,2012/11,香港,"149,827",,,,,,,,,,,,,"749,622"
101 (2012),101/12,2012/12,香港,"161,999",,,,,,,,,,,,,"730,233"
102 (2013),102/01,2013/1,香港,"153,216",,,,,,,,,,,,,"729,072"
102 (2013),102/02,2013/2,香港,"200,670",,,,,,,,,,,,,"936,801"
102 (2013),102/03,2013/3,香港,"149,360",,,,,,,,,,,,,"787,330"
102 (2013),102/04,2013/4,香港,"180,319",,,,,,,,,,,,,"874,162"
102 (2013),102/05,2013/5,香港,"146,183",,,,,,,,,,,,,"821,421"
102 (2013),102/06,2013/6,香港,"174,775",,,,,,,,,,,,,"963,442"
102 (2013),102/07,2013/7,香港,"190,939",,,,,,,,,,,,,"1,048,416"
102 (2013),102/08,2013/8,香港,"184,125",,,,,,,,,,,,,"983,398"
102 (2013),102/09,2013/9,香港,"166,244",,,,,,,,,,,,,"931,737"
102 (2013),102/10,2013/10,香港,"183,024",,,,,,,,,,,,,"960,508"
102 (2013),102/11,2013/11,香港,"151,802",,,,,,,,,,,,,"822,892"
102 (2013),102/12,2013/12,香港,"158,075",,,,,,,,,,,,,"767,395"
103 (2014),103/01,2014/1,香港,"151,349",,,,,,,,,,,,,"823,718"
103 (2014),103/02,2014/2,香港,"189,882",,,,,,,,,,,,,"923,659"
103 (2014),103/03,2014/3,香港,"148,230",,,,,,,,,,,,,"838,941"
103 (2014),103/04,2014/4,香港,"158,636",,,,,,,,,,,,,"951,316"
103 (2014),103/05,2014/5,香港,"170,816",,,,,,,,,,,,,"1,009,120"
103 (2014),103/06,2014/6,香港,"190,489",,,,,,,,,,,,,"1,049,481"
103 (2014),103/07,2014/7,香港,"198,986",,,,,,,,,,,,,"1,123,208"
103 (2014),103/08,2014/8,香港,"185,035",,,,,,,,,,,,,"1,024,841"
103 (2014),103/09,2014/9,香港,"160,392",,,,,,,,,,,,,"924,232"
103 (2014),103/10,2014/10,香港,"173,328",,,,,,,,,,,,,"1,013,677"
103 (2014),103/11,2014/11,香港,"137,070",,,,,,,,,,,,,"857,401"
103 (2014),103/12,2014/12,香港,"153,916",,,,,,,,,,,,,"877,875"
104 (2015),104/01,2015/1,香港,"150,728",,,,,,,,,,,,,"885,316"
104 (2015),104/02,2015/2,香港,"150,888",,,,,,,,,,,,,"975,959"
104 (2015),104/03,2015/3,香港,"167,656",,,,,,,,,,,,,"1,036,814"
104 (2015),104/04,2015/4,香港,"164,119",,,,,,,,,,,,,"1,100,451"
104 (2015),104/05,2015/5,香港,"163,570",,,,,,,,,,,,,"1,108,642"
104 (2015),104/06,2015/6,香港,"183,219",,,,,,,,,,,,,"1,124,305"
104 (2015),104/07,2015/7,香港,"191,439",,,,,,,,,,,,,"1,210,032"
104 (2015),104/08,2015/8,香港,"185,245",,,,,,,,,,,,,"1,111,270"
104 (2015),104/09,2015/9,香港,"156,391",,,,,,,,,,,,,"1,022,745"
104 (2015),104/10,2015/10,香港,"182,691",,,,,,,,,,,,,"1,134,210"
104 (2015),104/11,2015/11,香港,"153,177",,,,,,,,,,,,,"1,010,945"
104 (2015),104/12,2015/12,香港,"159,030",,,,,,,,,,,,,"949,994"
105 (2016),105/01,2016/1,香港,"160,042",,,,,,,,,,,,,"1,043,783"
105 (2016),105/02,2016/2,香港,"180,189",,,,,,,,,,,,,"1,190,845"
105 (2016),105/03,2016/3,香港,"143,266",,,,,,,,,,,,,"1,046,095"
105 (2016),105/04,2016/4,香港,"170,906",,,,,,,,,,,,,"1,192,369"
105 (2016),105/05,2016/5,香港,"161,537",,,,,,,,,,,,,"1,180,082"
105 (2016),105/06,2016/6,香港,"187,887",,,,,,,,,,,,,"1,305,216"
105 (2016),105/07,2016/7,香港,"165,958",,,,,,,,,,,,,"1,326,568"
105 (2016),105/08,2016/8,香港,"158,045",,,,,,,,,,,,,"1,196,425"
105 (2016),105/09,2016/9,香港,"146,963",,,,,,,,,,,,,"1,164,973"
105 (2016),105/10,2016/10,香港,"147,329",,,,,,,,,,,,,"1,170,866"
105 (2016),105/11,2016/11,香港,"133,372",,,,,,,,,,,,,"1,051,282"
105 (2016),105/12,2016/12,香港,"147,153",,,,,,,,,,,,,"1,014,117"
106 (2017),106/01,2017/1,香港,"130,856",,,,,,,,,,,,,"1,078,136"
106 (2017),106/02,2017/2,香港,"172,217",,,,,,,,,,,,,"1,208,591"
106 (2017),106/03,2017/3,香港,"140,205",,,,,,,,,,,,,"1,131,272"
106 (2017),106/04,2017/4,香港,"142,568",,,,,,,,,,,,,"1,245,737"
106 (2017),106/05,2017/5,香港,"151,960",,,,,,,,,,,,,"1,277,932"
106 (2017),106/06,2017/6,香港,"150,348",,,,,,,,,,,,,"1,318,151"
106 (2017),106/07,2017/7,香港,"160,617",,,,,,,,,,,,,"1,392,854"
106 (2017),106/08,2017/8,香港,"154,977",,,,,,,,,,,,,"1,279,182"
106 (2017),106/09,2017/9,香港,"128,041",,,,,,,,,,,,,"1,125,844"
106 (2017),106/10,2017/10,香港,"158,145",,,,,,,,,,,,,"1,319,105"
101 (2012),101/01,2012/1,中國大陸,"258,728",,,,,,,,,,,,,
101 (2012),101/02,2012/2,中國大陸,"248,837",,,,,,,,,,,,,
101 (2012),101/03,2012/3,中國大陸,"236,894",,,,,,,,,,,,,
101 (2012),101/04,2012/4,中國大陸,"266,709",,,,,,,,,,,,,
101 (2012),101/05,2012/5,中國大陸,"272,775",,,,,,,,,,,,,
101 (2012),101/06,2012/6,中國大陸,"268,283",,,,,,,,,,,,,
101 (2012),101/07,2012/7,中國大陸,"296,306",,,,,,,,,,,,,
101 (2012),101/08,2012/8,中國大陸,"271,159",,,,,,,,,,,,,
101 (2012),101/09,2012/9,中國大陸,"247,490",,,,,,,,,,,,,
101 (2012),101/10,2012/10,中國大陸,"292,306",,,,,,,,,,,,,
101 (2012),101/11,2012/11,中國大陸,"250,231",,,,,,,,,,,,,
101 (2012),101/12,2012/12,中國大陸,"229,337",,,,,,,,,,,,,
102 (2013),102/01,2013/1,中國大陸,"206,418",,,,,,,,,,,,,
102 (2013),102/02,2013/2,中國大陸,"263,527",,,,,,,,,,,,,
102 (2013),102/03,2013/3,中國大陸,"244,035",,,,,,,,,,,,,
102 (2013),102/04,2013/4,中國大陸,"246,156",,,,,,,,,,,,,
102 (2013),102/05,2013/5,中國大陸,"230,912",,,,,,,,,,,,,
102 (2013),102/06,2013/6,中國大陸,"247,929",,,,,,,,,,,,,
102 (2013),102/07,2013/7,中國大陸,"284,747",,,,,,,,,,,,,
102 (2013),102/08,2013/8,中國大陸,"283,375",,,,,,,,,,,,,
102 (2013),102/09,2013/9,中國大陸,"271,078",,,,,,,,,,,,,
102 (2013),102/10,2013/10,中國大陸,"300,871",,,,,,,,,,,,,
102 (2013),102/11,2013/11,中國大陸,"258,093",,,,,,,,,,,,,
102 (2013),102/12,2013/12,中國大陸,"235,186",,,,,,,,,,,,,
103 (2014),103/01,2014/1,中國大陸,"198,382",,,,,,,,,,,,,
103 (2014),103/02,2014/2,中國大陸,"279,792",,,,,,,,,,,,,
103 (2014),103/03,2014/3,中國大陸,"241,546",,,,,,,,,,,,,
103 (2014),103/04,2014/4,中國大陸,"275,713",,,,,,,,,,,,,
103 (2014),103/05,2014/5,中國大陸,"282,707",,,,,,,,,,,,,
103 (2014),103/06,2014/6,中國大陸,"302,067",,,,,,,,,,,,,
103 (2014),103/07,2014/7,中國大陸,"312,254",,,,,,,,,,,,,
103 (2014),103/08,2014/8,中國大陸,"296,364",,,,,,,,,,,,,
103 (2014),103/09,2014/9,中國大陸,"269,049",,,,,,,,,,,,,
103 (2014),103/10,2014/10,中國大陸,"302,986",,,,,,,,,,,,,
103 (2014),103/11,2014/11,中國大陸,"248,285",,,,,,,,,,,,,
103 (2014),103/12,2014/12,中國大陸,"258,093",,,,,,,,,,,,,
104 (2015),104/01,2015/1,中國大陸,"240,112",,,,,,,,,,,,,
104 (2015),104/02,2015/2,中國大陸,"230,305",,,,,,,,,,,,,
104 (2015),104/03,2015/3,中國大陸,"297,043",,,,,,,,,,,,,
104 (2015),104/04,2015/4,中國大陸,"295,645",,,,,,,,,,,,,
104 (2015),104/05,2015/5,中國大陸,"297,885",,,,,,,,,,,,,
104 (2015),104/06,2015/6,中國大陸,"294,294",,,,,,,,,,,,,
104 (2015),104/07,2015/7,中國大陸,"315,481",,,,,,,,,,,,,
104 (2015),104/08,2015/8,中國大陸,"299,750",,,,,,,,,,,,,
104 (2015),104/09,2015/9,中國大陸,"271,600",,,,,,,,,,,,,
104 (2015),104/10,2015/10,中國大陸,"318,599",,,,,,,,,,,,,
104 (2015),104/11,2015/11,中國大陸,"286,248",,,,,,,,,,,,,
104 (2015),104/12,2015/12,中國大陸,"256,958",,,,,,,,,,,,,
105 (2016),105/01,2016/1,中國大陸,"241,113",,,,,,,,,,,,,
105 (2016),105/02,2016/2,中國大陸,"298,798",,,,,,,,,,,,,
105 (2016),105/03,2016/3,中國大陸,"270,766",,,,,,,,,,,,,
105 (2016),105/04,2016/4,中國大陸,"306,441",,,,,,,,,,,,,
105 (2016),105/05,2016/5,中國大陸,"315,102",,,,,,,,,,,,,
105 (2016),105/06,2016/6,中國大陸,"321,257",,,,,,,,,,,,,
105 (2016),105/07,2016/7,中國大陸,"346,297",,,,,,,,,,,,,
105 (2016),105/08,2016/8,中國大陸,"331,005",,,,,,,,,,,,,
105 (2016),105/09,2016/9,中國大陸,"312,406",,,,,,,,,,,,,
105 (2016),105/10,2016/10,中國大陸,"345,004",,,,,,,,,,,,,
105 (2016),105/11,2016/11,中國大陸,"312,770",,,,,,,,,,,,,
105 (2016),105/12,2016/12,中國大陸,"284,518",,,,,,,,,,,,,
106 (2017),106/01,2017/1,中國大陸,"244,084",,,,,,,,,,,,,
106 (2017),106/02,2017/2,中國大陸,"328,059",,,,,,,,,,,,,
106 (2017),106/03,2017/3,中國大陸,"306,038",,,,,,,,,,,,,
106 (2017),106/04,2017/4,中國大陸,"341,117",,,,,,,,,,,,,
106 (2017),106/05,2017/5,中國大陸,"348,528",,,,,,,,,,,,,
106 (2017),106/06,2017/6,中國大陸,"353,085",,,,,,,,,,,,,
106 (2017),106/07,2017/7,中國大陸,"362,466",,,,,,,,,,,,,
106 (2017),106/08,2017/8,中國大陸,"347,289",,,,,,,,,,,,,
106 (2017),106/09,2017/9,中國大陸,"302,646",,,,,,,,,,,,,
106 (2017),106/10,2017/10,中國大陸,"363,094",,,,,,,,,,,,,
101 (2012),101/01,2012/1,澳門,"39,986",,,,,,,,,,,,,
101 (2012),101/02,2012/2,澳門,"40,875",,,,,,,,,,,,,
101 (2012),101/03,2012/3,澳門,"38,428",,,,,,,,,,,,,
101 (2012),101/04,2012/4,澳門,"41,305",,,,,,,,,,,,,
101 (2012),101/05,2012/5,澳門,"39,191",,,,,,,,,,,,,
101 (2012),101/06,2012/6,澳門,"43,831",,,,,,,,,,,,,
101 (2012),101/07,2012/7,澳門,"54,450",,,,,,,,,,,,,
101 (2012),101/08,2012/8,澳門,"52,239",,,,,,,,,,,,,
101 (2012),101/09,2012/9,澳門,"47,937",,,,,,,,,,,,,
101 (2012),101/10,2012/10,澳門,"45,955",,,,,,,,,,,,,
101 (2012),101/11,2012/11,澳門,"39,890",,,,,,,,,,,,,
101 (2012),101/12,2012/12,澳門,"42,963",,,,,,,,,,,,,
102 (2013),102/01,2013/1,澳門,"36,624",,,,,,,,,,,,,
102 (2013),102/02,2013/2,澳門,"45,579",,,,,,,,,,,,,
102 (2013),102/03,2013/3,澳門,"38,616",,,,,,,,,,,,,
102 (2013),102/04,2013/4,澳門,"40,397",,,,,,,,,,,,,
102 (2013),102/05,2013/5,澳門,"30,785",,,,,,,,,,,,,
102 (2013),102/06,2013/6,澳門,"39,409",,,,,,,,,,,,,
102 (2013),102/07,2013/7,澳門,"46,145",,,,,,,,,,,,,
102 (2013),102/08,2013/8,澳門,"52,595",,,,,,,,,,,,,
102 (2013),102/09,2013/9,澳門,"47,569",,,,,,,,,,,,,
102 (2013),102/10,2013/10,澳門,"48,345",,,,,,,,,,,,,
102 (2013),102/11,2013/11,澳門,"44,472",,,,,,,,,,,,,
102 (2013),102/12,2013/12,澳門,"44,165",,,,,,,,,,,,,
103 (2014),103/01,2014/1,澳門,"38,222",,,,,,,,,,,,,
103 (2014),103/02,2014/2,澳門,"43,567",,,,,,,,,,,,,
103 (2014),103/03,2014/3,澳門,"38,472",,,,,,,,,,,,,
103 (2014),103/04,2014/4,澳門,"39,267",,,,,,,,,,,,,
103 (2014),103/05,2014/5,澳門,"39,347",,,,,,,,,,,,,
103 (2014),103/06,2014/6,澳門,"44,996",,,,,,,,,,,,,
103 (2014),103/07,2014/7,澳門,"47,045",,,,,,,,,,,,,
103 (2014),103/08,2014/8,澳門,"44,455",,,,,,,,,,,,,
103 (2014),103/09,2014/9,澳門,"40,351",,,,,,,,,,,,,
103 (2014),103/10,2014/10,澳門,"42,147",,,,,,,,,,,,,
103 (2014),103/11,2014/11,澳門,"34,723",,,,,,,,,,,,,
103 (2014),103/12,2014/12,澳門,"40,596",,,,,,,,,,,,,
104 (2015),104/01,2015/1,澳門,"39,164",,,,,,,,,,,,,
104 (2015),104/02,2015/2,澳門,"38,721",,,,,,,,,,,,,
104 (2015),104/03,2015/3,澳門,"40,273",,,,,,,,,,,,,
104 (2015),104/04,2015/4,澳門,"44,404",,,,,,,,,,,,,
104 (2015),104/05,2015/5,澳門,"41,120",,,,,,,,,,,,,
104 (2015),104/06,2015/6,澳門,"43,137",,,,,,,,,,,,,
104 (2015),104/07,2015/7,澳門,"48,597",,,,,,,,,,,,,
104 (2015),104/08,2015/8,澳門,"46,988",,,,,,,,,,,,,
104 (2015),104/09,2015/9,澳門,"43,456",,,,,,,,,,,,,
104 (2015),104/10,2015/10,澳門,"47,602",,,,,,,,,,,,,
104 (2015),104/11,2015/11,澳門,"46,936",,,,,,,,,,,,,
104 (2015),104/12,2015/12,澳門,"46,746",,,,,,,,,,,,,
105 (2016),105/01,2016/1,澳門,"46,638",,,,,,,,,,,,,
105 (2016),105/02,2016/2,澳門,"52,543",,,,,,,,,,,,,
105 (2016),105/03,2016/3,澳門,"42,649",,,,,,,,,,,,,
105 (2016),105/04,2016/4,澳門,"51,557",,,,,,,,,,,,,
105 (2016),105/05,2016/5,澳門,"45,974",,,,,,,,,,,,,
105 (2016),105/06,2016/6,澳門,"54,522",,,,,,,,,,,,,
105 (2016),105/07,2016/7,澳門,"55,577",,,,,,,,,,,,,
105 (2016),105/08,2016/8,澳門,"51,251",,,,,,,,,,,,,
105 (2016),105/09,2016/9,澳門,"50,411",,,,,,,,,,,,,
105 (2016),105/10,2016/10,澳門,"48,577",,,,,,,,,,,,,
105 (2016),105/11,2016/11,澳門,"46,799",,,,,,,,,,,,,
105 (2016),105/12,2016/12,澳門,"52,352",,,,,,,,,,,,,
106 (2017),106/01,2017/1,澳門,"43,339",,,,,,,,,,,,,
106 (2017),106/02,2017/2,澳門,"51,969",,,,,,,,,,,,,
106 (2017),106/03,2017/3,澳門,"45,014",,,,,,,,,,,,,
106 (2017),106/04,2017/4,澳門,"48,988",,,,,,,,,,,,,
106 (2017),106/05,2017/5,澳門,"49,950",,,,,,,,,,,,,
106 (2017),106/06,2017/6,澳門,"49,553",,,,,,,,,,,,,
106 (2017),106/07,2017/7,澳門,"56,969",,,,,,,,,,,,,
106 (2017),106/08,2017/8,澳門,"50,971",,,,,,,,,,,,,
106 (2017),106/09,2017/9,澳門,"48,531",,,,,,,,,,,,,
106 (2017),106/10,2017/10,澳門,"48,013",,,,,,,,,,,,,
101 (2012),101/01,2012/1,日本,"133,945",,,,,,,,,,,,,
101 (2012),101/02,2012/2,日本,"90,318",,,,,,,,,,,,,
101 (2012),101/03,2012/3,日本,"94,258",,,,,,,,,,,,,
101 (2012),101/04,2012/4,日本,"143,550",,,,,,,,,,,,,
101 (2012),101/05,2012/5,日本,"132,010",,,,,,,,,,,,,
101 (2012),101/06,2012/6,日本,"137,292",,,,,,,,,,,,,
101 (2012),101/07,2012/7,日本,"166,674",,,,,,,,,,,,,
101 (2012),101/08,2012/8,日本,"141,957",,,,,,,,,,,,,
101 (2012),101/09,2012/9,日本,"124,637",,,,,,,,,,,,,
101 (2012),101/10,2012/10,日本,"142,486",,,,,,,,,,,,,
101 (2012),101/11,2012/11,日本,"132,920",,,,,,,,,,,,,
101 (2012),101/12,2012/12,日本,"120,253",,,,,,,,,,,,,
102 (2013),102/01,2013/1,日本,"128,322",,,,,,,,,,,,,
102 (2013),102/02,2013/2,日本,"166,278",,,,,,,,,,,,,
102 (2013),102/03,2013/3,日本,"157,345",,,,,,,,,,,,,
102 (2013),102/04,2013/4,日本,"203,211",,,,,,,,,,,,,
102 (2013),102/05,2013/5,日本,"207,335",,,,,,,,,,,,,
102 (2013),102/06,2013/6,日本,"246,734",,,,,,,,,,,,,
102 (2013),102/07,2013/7,日本,"254,001",,,,,,,,,,,,,
102 (2013),102/08,2013/8,日本,"213,804",,,,,,,,,,,,,
102 (2013),102/09,2013/9,日本,"217,611",,,,,,,,,,,,,
102 (2013),102/10,2013/10,日本,"217,798",,,,,,,,,,,,,
102 (2013),102/11,2013/11,日本,"180,498",,,,,,,,,,,,,
102 (2013),102/12,2013/12,日本,"153,070",,,,,,,,,,,,,
103 (2014),103/01,2014/1,日本,"210,834",,,,,,,,,,,,,
103 (2014),103/02,2014/2,日本,"201,225",,,,,,,,,,,,,
103 (2014),103/03,2014/3,日本,"219,857",,,,,,,,,,,,,
103 (2014),103/04,2014/4,日本,"270,335",,,,,,,,,,,,,
103 (2014),103/05,2014/5,日本,"294,242",,,,,,,,,,,,,
103 (2014),103/06,2014/6,日本,"271,059",,,,,,,,,,,,,
103 (2014),103/07,2014/7,日本,"297,662",,,,,,,,,,,,,
103 (2014),103/08,2014/8,日本,"247,161",,,,,,,,,,,,,
103 (2014),103/09,2014/9,日本,"231,246",,,,,,,,,,,,,
103 (2014),103/10,2014/10,日本,"270,304",,,,,,,,,,,,,
103 (2014),103/11,2014/11,日本,"241,429",,,,,,,,,,,,,
103 (2014),103/12,2014/12,日本,"216,492",,,,,,,,,,,,,
104 (2015),104/01,2015/1,日本,"225,116",,,,,,,,,,,,,
104 (2015),104/02,2015/2,日本,"283,635",,,,,,,,,,,,,
104 (2015),104/03,2015/3,日本,"285,122",,,,,,,,,,,,,
104 (2015),104/04,2015/4,日本,"346,365",,,,,,,,,,,,,
104 (2015),104/05,2015/5,日本,"352,263",,,,,,,,,,,,,
104 (2015),104/06,2015/6,日本,"356,669",,,,,,,,,,,,,
104 (2015),104/07,2015/7,日本,"374,662",,,,,,,,,,,,,
104 (2015),104/08,2015/8,日本,"326,325",,,,,,,,,,,,,
104 (2015),104/09,2015/9,日本,"313,415",,,,,,,,,,,,,
104 (2015),104/10,2015/10,日本,"351,495",,,,,,,,,,,,,
104 (2015),104/11,2015/11,日本,"307,177",,,,,,,,,,,,,
104 (2015),104/12,2015/12,日本,"275,635",,,,,,,,,,,,,
105 (2016),105/01,2016/1,日本,"331,876",,,,,,,,,,,,,
105 (2016),105/02,2016/2,日本,"359,908",,,,,,,,,,,,,
105 (2016),105/03,2016/3,日本,"341,162",,,,,,,,,,,,,
105 (2016),105/04,2016/4,日本,"394,630",,,,,,,,,,,,,
105 (2016),105/05,2016/5,日本,"391,554",,,,,,,,,,,,,
105 (2016),105/06,2016/6,日本,"410,889",,,,,,,,,,,,,
105 (2016),105/07,2016/7,日本,"409,644",,,,,,,,,,,,,
105 (2016),105/08,2016/8,日本,"345,359",,,,,,,,,,,,,
105 (2016),105/09,2016/9,日本,"354,621",,,,,,,,,,,,,
105 (2016),105/10,2016/10,日本,"359,875",,,,,,,,,,,,,
105 (2016),105/11,2016/11,日本,"310,510",,,,,,,,,,,,,
105 (2016),105/12,2016/12,日本,"285,212",,,,,,,,,,,,,
106 (2017),106/01,2017/1,日本,"347,036",,,,,,,,,,,,,
106 (2017),106/02,2017/2,日本,"349,758",,,,,,,,,,,,,
106 (2017),106/03,2017/3,日本,"351,362",,,,,,,,,,,,,
106 (2017),106/04,2017/4,日本,"419,923",,,,,,,,,,,,,
106 (2017),106/05,2017/5,日本,"412,299",,,,,,,,,,,,,
106 (2017),106/06,2017/6,日本,"441,965",,,,,,,,,,,,,
106 (2017),106/07,2017/7,日本,"448,171",,,,,,,,,,,,,
106 (2017),106/08,2017/8,日本,"388,334",,,,,,,,,,,,,
106 (2017),106/09,2017/9,日本,"346,733",,,,,,,,,,,,,
106 (2017),106/10,2017/10,日本,"422,446",,,,,,,,,,,,,
101 (2012),101/01,2012/1,韓國,"43,511",,,,,,,,,,,,,
101 (2012),101/02,2012/2,韓國,"42,984",,,,,,,,,,,,,
101 (2012),101/03,2012/3,韓國,"34,886",,,,,,,,,,,,,
101 (2012),101/04,2012/4,韓國,"42,203",,,,,,,,,,,,,
101 (2012),101/05,2012/5,韓國,"40,460",,,,,,,,,,,,,
101 (2012),101/06,2012/6,韓國,"48,558",,,,,,,,,,,,,
101 (2012),101/07,2012/7,韓國,"56,027",,,,,,,,,,,,,
101 (2012),101/08,2012/8,韓國,"54,680",,,,,,,,,,,,,
101 (2012),101/09,2012/9,韓國,"43,997",,,,,,,,,,,,,
101 (2012),101/10,2012/10,韓國,"47,497",,,,,,,,,,,,,
101 (2012),101/11,2012/11,韓國,"38,561",,,,,,,,,,,,,
101 (2012),101/12,2012/12,韓國,"39,365",,,,,,,,,,,,,
102 (2013),102/01,2013/1,韓國,"44,828",,,,,,,,,,,,,
102 (2013),102/02,2013/2,韓國,"46,443",,,,,,,,,,,,,
102 (2013),102/03,2013/3,韓國,"41,501",,,,,,,,,,,,,
102 (2013),102/04,2013/4,韓國,"34,620",,,,,,,,,,,,,
102 (2013),102/05,2013/5,韓國,"39,360",,,,,,,,,,,,,
102 (2013),102/06,2013/6,韓國,"48,097",,,,,,,,,,,,,
102 (2013),102/07,2013/7,韓國,"46,547",,,,,,,,,,,,,
102 (2013),102/08,2013/8,韓國,"49,805",,,,,,,,,,,,,
102 (2013),102/09,2013/9,韓國,"43,935",,,,,,,,,,,,,
102 (2013),102/10,2013/10,韓國,"45,782",,,,,,,,,,,,,
102 (2013),102/11,2013/11,韓國,"38,501",,,,,,,,,,,,,
102 (2013),102/12,2013/12,韓國,"39,109",,,,,,,,,,,,,
103 (2014),103/01,2014/1,韓國,"45,400",,,,,,,,,,,,,
103 (2014),103/02,2014/2,韓國,"46,465",,,,,,,,,,,,,
103 (2014),103/03,2014/3,韓國,"46,188",,,,,,,,,,,,,
103 (2014),103/04,2014/4,韓國,"50,408",,,,,,,,,,,,,
103 (2014),103/05,2014/5,韓國,"57,585",,,,,,,,,,,,,
103 (2014),103/06,2014/6,韓國,"58,308",,,,,,,,,,,,,
103 (2014),103/07,2014/7,韓國,"59,341",,,,,,,,,,,,,
103 (2014),103/08,2014/8,韓國,"58,828",,,,,,,,,,,,,
103 (2014),103/09,2014/9,韓國,"51,791",,,,,,,,,,,,,
103 (2014),103/10,2014/10,韓國,"56,795",,,,,,,,,,,,,
103 (2014),103/11,2014/11,韓國,"47,491",,,,,,,,,,,,,
103 (2014),103/12,2014/12,韓國,"48,094",,,,,,,,,,,,,
104 (2015),104/01,2015/1,韓國,"48,024",,,,,,,,,,,,,
104 (2015),104/02,2015/2,韓國,"53,315",,,,,,,,,,,,,
104 (2015),104/03,2015/3,韓國,"51,365",,,,,,,,,,,,,
104 (2015),104/04,2015/4,韓國,"57,222",,,,,,,,,,,,,
104 (2015),104/05,2015/5,韓國,"53,704",,,,,,,,,,,,,
104 (2015),104/06,2015/6,韓國,"14,896",,,,,,,,,,,,,
104 (2015),104/07,2015/7,韓國,"10,899",,,,,,,,,,,,,
104 (2015),104/08,2015/8,韓國,"25,162",,,,,,,,,,,,,
104 (2015),104/09,2015/9,韓國,"45,069",,,,,,,,,,,,,
104 (2015),104/10,2015/10,韓國,"47,012",,,,,,,,,,,,,
104 (2015),104/11,2015/11,韓國,"46,032",,,,,,,,,,,,,
104 (2015),104/12,2015/12,韓國,"47,400",,,,,,,,,,,,,
105 (2016),105/01,2016/1,韓國,"56,236",,,,,,,,,,,,,
105 (2016),105/02,2016/2,韓國,"57,437",,,,,,,,,,,,,
105 (2016),105/03,2016/3,韓國,"56,440",,,,,,,,,,,,,
105 (2016),105/04,2016/4,韓國,"67,144",,,,,,,,,,,,,
105 (2016),105/05,2016/5,韓國,"63,856",,,,,,,,,,,,,
105 (2016),105/06,2016/6,韓國,"85,261",,,,,,,,,,,,,
105 (2016),105/07,2016/7,韓國,"79,681",,,,,,,,,,,,,
105 (2016),105/08,2016/8,韓國,"76,720",,,,,,,,,,,,,
105 (2016),105/09,2016/9,韓國,"70,914",,,,,,,,,,,,,
105 (2016),105/10,2016/10,韓國,"71,622",,,,,,,,,,,,,
105 (2016),105/11,2016/11,韓國,"61,754",,,,,,,,,,,,,
105 (2016),105/12,2016/12,韓國,"61,355",,,,,,,,,,,,,
106 (2017),106/01,2017/1,韓國,"66,289",,,,,,,,,,,,,
106 (2017),106/02,2017/2,韓國,"73,789",,,,,,,,,,,,,
106 (2017),106/03,2017/3,韓國,"72,580",,,,,,,,,,,,,
106 (2017),106/04,2017/4,韓國,"75,268",,,,,,,,,,,,,
106 (2017),106/05,2017/5,韓國,"70,512",,,,,,,,,,,,,
106 (2017),106/06,2017/6,韓國,"76,659",,,,,,,,,,,,,
106 (2017),106/07,2017/7,韓國,"79,080",,,,,,,,,,,,,
106 (2017),106/08,2017/8,韓國,"80,131",,,,,,,,,,,,,
106 (2017),106/09,2017/9,韓國,"70,211",,,,,,,,,,,,,
106 (2017),106/10,2017/10,韓國,"78,031",,,,,,,,,,,,,
101 (2012),101/01,2012/1,越南,"37,478",,,,,,,,,,,,,
101 (2012),101/02,2012/2,越南,"27,787",,,,,,,,,,,,,
101 (2012),101/03,2012/3,越南,"26,232",,,,,,,,,,,,,
101 (2012),101/04,2012/4,越南,"30,294",,,,,,,,,,,,,
101 (2012),101/05,2012/5,越南,"30,057",,,,,,,,,,,,,
101 (2012),101/06,2012/6,越南,"27,243",,,,,,,,,,,,,
101 (2012),101/07,2012/7,越南,"36,362",,,,,,,,,,,,,
101 (2012),101/08,2012/8,越南,"26,120",,,,,,,,,,,,,
101 (2012),101/09,2012/9,越南,"23,935",,,,,,,,,,,,,
101 (2012),101/10,2012/10,越南,"27,979",,,,,,,,,,,,,
101 (2012),101/11,2012/11,越南,"23,697",,,,,,,,,,,,,
101 (2012),101/12,2012/12,越南,"24,327",,,,,,,,,,,,,
102 (2013),102/01,2013/1,越南,"23,234",,,,,,,,,,,,,
102 (2013),102/02,2013/2,越南,"39,702",,,,,,,,,,,,,
102 (2013),102/03,2013/3,越南,"25,335",,,,,,,,,,,,,
102 (2013),102/04,2013/4,越南,"27,676",,,,,,,,,,,,,
102 (2013),102/05,2013/5,越南,"28,182",,,,,,,,,,,,,
102 (2013),102/06,2013/6,越南,"33,448",,,,,,,,,,,,,
102 (2013),102/07,2013/7,越南,"40,185",,,,,,,,,,,,,
102 (2013),102/08,2013/8,越南,"31,184",,,,,,,,,,,,,
102 (2013),102/09,2013/9,越南,"29,137",,,,,,,,,,,,,
102 (2013),102/10,2013/10,越南,"27,980",,,,,,,,,,,,,
102 (2013),102/11,2013/11,越南,"27,676",,,,,,,,,,,,,
102 (2013),102/12,2013/12,越南,"28,218",,,,,,,,,,,,,
103 (2014),103/01,2014/1,越南,"33,283",,,,,,,,,,,,,
103 (2014),103/02,2014/2,越南,"33,347",,,,,,,,,,,,,
103 (2014),103/03,2014/3,越南,"27,741",,,,,,,,,,,,,
103 (2014),103/04,2014/4,越南,"30,076",,,,,,,,,,,,,
103 (2014),103/05,2014/5,越南,"26,930",,,,,,,,,,,,,
103 (2014),103/06,2014/6,越南,"27,019",,,,,,,,,,,,,
103 (2014),103/07,2014/7,越南,"31,588",,,,,,,,,,,,,
103 (2014),103/08,2014/8,越南,"25,059",,,,,,,,,,,,,
103 (2014),103/09,2014/9,越南,"23,425",,,,,,,,,,,,,
103 (2014),103/10,2014/10,越南,"26,877",,,,,,,,,,,,,
103 (2014),103/11,2014/11,越南,"23,810",,,,,,,,,,,,,
103 (2014),103/12,2014/12,越南,"29,952",,,,,,,,,,,,,
104 (2015),104/01,2015/1,越南,"28,241",,,,,,,,,,,,,
104 (2015),104/02,2015/2,越南,"39,976",,,,,,,,,,,,,
104 (2015),104/03,2015/3,越南,"31,245",,,,,,,,,,,,,
104 (2015),104/04,2015/4,越南,"32,111",,,,,,,,,,,,,
104 (2015),104/05,2015/5,越南,"33,166",,,,,,,,,,,,,
104 (2015),104/06,2015/6,越南,"33,506",,,,,,,,,,,,,
104 (2015),104/07,2015/7,越南,"44,931",,,,,,,,,,,,,
104 (2015),104/08,2015/8,越南,"34,010",,,,,,,,,,,,,
104 (2015),104/09,2015/9,越南,"31,047",,,,,,,,,,,,,
104 (2015),104/10,2015/10,越南,"33,694",,,,,,,,,,,,,
104 (2015),104/11,2015/11,越南,"33,078",,,,,,,,,,,,,
104 (2015),104/12,2015/12,越南,"34,008",,,,,,,,,,,,,
105 (2016),105/01,2016/1,越南,"34,628",,,,,,,,,,,,,
105 (2016),105/02,2016/2,越南,"45,423",,,,,,,,,,,,,
105 (2016),105/03,2016/3,越南,"35,528",,,,,,,,,,,,,
105 (2016),105/04,2016/4,越南,"37,059",,,,,,,,,,,,,
105 (2016),105/05,2016/5,越南,"35,776",,,,,,,,,,,,,
105 (2016),105/06,2016/6,越南,"37,861",,,,,,,,,,,,,
105 (2016),105/07,2016/7,越南,"51,465",,,,,,,,,,,,,
105 (2016),105/08,2016/8,越南,"36,267",,,,,,,,,,,,,
105 (2016),105/09,2016/9,越南,"37,351",,,,,,,,,,,,,
105 (2016),105/10,2016/10,越南,"36,859",,,,,,,,,,,,,
105 (2016),105/11,2016/11,越南,"37,400",,,,,,,,,,,,,
105 (2016),105/12,2016/12,越南,"40,327",,,,,,,,,,,,,
106 (2017),106/01,2017/1,越南,"49,468",,,,,,,,,,,,,
106 (2017),106/02,2017/2,越南,"47,962",,,,,,,,,,,,,
106 (2017),106/03,2017/3,越南,"42,574",,,,,,,,,,,,,
106 (2017),106/04,2017/4,越南,"45,527",,,,,,,,,,,,,
106 (2017),106/05,2017/5,越南,"44,978",,,,,,,,,,,,,
106 (2017),106/06,2017/6,越南,"43,351",,,,,,,,,,,,,
106 (2017),106/07,2017/7,越南,"56,581",,,,,,,,,,,,,
106 (2017),106/08,2017/8,越南,"47,936",,,,,,,,,,,,,
106 (2017),106/09,2017/9,越南,"41,125",,,,,,,,,,,,,
106 (2017),106/10,2017/10,越南,"49,707",,,,,,,,,,,,,
101 (2012),101/01,2012/1,泰國,"19,794",,,,,,,,,,,,,
101 (2012),101/02,2012/2,泰國,"18,283",,,,,,,,,,,,,
101 (2012),101/03,2012/3,泰國,"20,340",,,,,,,,,,,,,
101 (2012),101/04,2012/4,泰國,"20,932",,,,,,,,,,,,,
101 (2012),101/05,2012/5,泰國,"25,542",,,,,,,,,,,,,
101 (2012),101/06,2012/6,泰國,"28,293",,,,,,,,,,,,,
101 (2012),101/07,2012/7,泰國,"28,570",,,,,,,,,,,,,
101 (2012),101/08,2012/8,泰國,"26,259",,,,,,,,,,,,,
101 (2012),101/09,2012/9,泰國,"28,242",,,,,,,,,,,,,
101 (2012),101/10,2012/10,泰國,"28,707",,,,,,,,,,,,,
101 (2012),101/11,2012/11,泰國,"31,289",,,,,,,,,,,,,
101 (2012),101/12,2012/12,泰國,"30,495",,,,,,,,,,,,,
102 (2013),102/01,2013/1,泰國,"31,174",,,,,,,,,,,,,
102 (2013),102/02,2013/2,泰國,"43,975",,,,,,,,,,,,,
102 (2013),102/03,2013/3,泰國,"39,654",,,,,,,,,,,,,
102 (2013),102/04,2013/4,泰國,"43,508",,,,,,,,,,,,,
102 (2013),102/05,2013/5,泰國,"42,960",,,,,,,,,,,,,
102 (2013),102/06,2013/6,泰國,"55,103",,,,,,,,,,,,,
102 (2013),102/07,2013/7,泰國,"46,235",,,,,,,,,,,,,
102 (2013),102/08,2013/8,泰國,"46,351",,,,,,,,,,,,,
102 (2013),102/09,2013/9,泰國,"48,465",,,,,,,,,,,,,
102 (2013),102/10,2013/10,泰國,"43,406",,,,,,,,,,,,,
102 (2013),102/11,2013/11,泰國,"36,044",,,,,,,,,,,,,
102 (2013),102/12,2013/12,泰國,"30,741",,,,,,,,,,,,,
103 (2014),103/01,2014/1,泰國,"30,667",,,,,,,,,,,,,
103 (2014),103/02,2014/2,泰國,"25,924",,,,,,,,,,,,,
103 (2014),103/03,2014/3,泰國,"26,668",,,,,,,,,,,,,
103 (2014),103/04,2014/4,泰國,"32,202",,,,,,,,,,,,,
103 (2014),103/05,2014/5,泰國,"34,603",,,,,,,,,,,,,
103 (2014),103/06,2014/6,泰國,"37,598",,,,,,,,,,,,,
103 (2014),103/07,2014/7,泰國,"34,967",,,,,,,,,,,,,
103 (2014),103/08,2014/8,泰國,"38,840",,,,,,,,,,,,,
103 (2014),103/09,2014/9,泰國,"42,053",,,,,,,,,,,,,
103 (2014),103/10,2014/10,泰國,"39,632",,,,,,,,,,,,,
103 (2014),103/11,2014/11,泰國,"34,094",,,,,,,,,,,,,
103 (2014),103/12,2014/12,泰國,"41,885",,,,,,,,,,,,,
104 (2015),104/01,2015/1,泰國,"47,129",,,,,,,,,,,,,
104 (2015),104/02,2015/2,泰國,"51,863",,,,,,,,,,,,,
104 (2015),104/03,2015/3,泰國,"53,355",,,,,,,,,,,,,
104 (2015),104/04,2015/4,泰國,"51,242",,,,,,,,,,,,,
104 (2015),104/05,2015/5,泰國,"53,677",,,,,,,,,,,,,
104 (2015),104/06,2015/6,泰國,"64,864",,,,,,,,,,,,,
104 (2015),104/07,2015/7,泰國,"65,038",,,,,,,,,,,,,
104 (2015),104/08,2015/8,泰國,"51,243",,,,,,,,,,,,,
104 (2015),104/09,2015/9,泰國,"43,969",,,,,,,,,,,,,
104 (2015),104/10,2015/10,泰國,"40,896",,,,,,,,,,,,,
104 (2015),104/11,2015/11,泰國,"38,467",,,,,,,,,,,,,
104 (2015),104/12,2015/12,泰國,"37,780",,,,,,,,,,,,,
105 (2016),105/01,2016/1,泰國,"43,681",,,,,,,,,,,,,
105 (2016),105/02,2016/2,泰國,"53,164",,,,,,,,,,,,,
105 (2016),105/03,2016/3,泰國,"44,816",,,,,,,,,,,,,
105 (2016),105/04,2016/4,泰國,"44,058",,,,,,,,,,,,,
105 (2016),105/05,2016/5,泰國,"43,192",,,,,,,,,,,,,
105 (2016),105/06,2016/6,泰國,"56,212",,,,,,,,,,,,,
105 (2016),105/07,2016/7,泰國,"51,037",,,,,,,,,,,,,
105 (2016),105/08,2016/8,泰國,"48,673",,,,,,,,,,,,,
105 (2016),105/09,2016/9,泰國,"47,586",,,,,,,,,,,,,
105 (2016),105/10,2016/10,泰國,"34,905",,,,,,,,,,,,,
105 (2016),105/11,2016/11,泰國,"31,481",,,,,,,,,,,,,
105 (2016),105/12,2016/12,泰國,"33,982",,,,,,,,,,,,,
106 (2017),106/01,2017/1,泰國,"40,361",,,,,,,,,,,,,
106 (2017),106/02,2017/2,泰國,"44,692",,,,,,,,,,,,,
106 (2017),106/03,2017/3,泰國,"42,582",,,,,,,,,,,,,
106 (2017),106/04,2017/4,泰國,"40,780",,,,,,,,,,,,,
106 (2017),106/05,2017/5,泰國,"47,416",,,,,,,,,,,,,
106 (2017),106/06,2017/6,泰國,"51,129",,,,,,,,,,,,,
106 (2017),106/07,2017/7,泰國,"52,442",,,,,,,,,,,,,
106 (2017),106/08,2017/8,泰國,"51,157",,,,,,,,,,,,,
106 (2017),106/09,2017/9,泰國,"44,038",,,,,,,,,,,,,
106 (2017),106/10,2017/10,泰國,"47,854",,,,,,,,,,,,,
101 (2012),101/01,2012/1,馬來西亞,"21,111",,,,,,,,,,,,,
101 (2012),101/02,2012/2,馬來西亞,"15,799",,,,,,,,,,,,,
101 (2012),101/03,2012/3,馬來西亞,"12,641",,,,,,,,,,,,,
101 (2012),101/04,2012/4,馬來西亞,"12,576",,,,,,,,,,,,,
101 (2012),101/05,2012/5,馬來西亞,"14,543",,,,,,,,,,,,,
101 (2012),101/06,2012/6,馬來西亞,"16,458",,,,,,,,,,,,,
101 (2012),101/07,2012/7,馬來西亞,"24,899",,,,,,,,,,,,,
101 (2012),101/08,2012/8,馬來西亞,"19,567",,,,,,,,,,,,,
101 (2012),101/09,2012/9,馬來西亞,"16,325",,,,,,,,,,,,,
101 (2012),101/10,2012/10,馬來西亞,"14,769",,,,,,,,,,,,,
101 (2012),101/11,2012/11,馬來西亞,"11,865",,,,,,,,,,,,,
101 (2012),101/12,2012/12,馬來西亞,"12,617",,,,,,,,,,,,,
102 (2013),102/01,2013/1,馬來西亞,"15,385",,,,,,,,,,,,,
102 (2013),102/02,2013/2,馬來西亞,"22,338",,,,,,,,,,,,,
102 (2013),102/03,2013/3,馬來西亞,"14,404",,,,,,,,,,,,,
102 (2013),102/04,2013/4,馬來西亞,"15,841",,,,,,,,,,,,,
102 (2013),102/05,2013/5,馬來西亞,"16,178",,,,,,,,,,,,,
102 (2013),102/06,2013/6,馬來西亞,"23,107",,,,,,,,,,,,,
102 (2013),102/07,2013/7,馬來西亞,"28,428",,,,,,,,,,,,,
102 (2013),102/08,2013/8,馬來西亞,"23,717",,,,,,,,,,,,,
102 (2013),102/09,2013/9,馬來西亞,"20,911",,,,,,,,,,,,,
102 (2013),102/10,2013/10,馬來西亞,"17,688",,,,,,,,,,,,,
102 (2013),102/11,2013/11,馬來西亞,"15,664",,,,,,,,,,,,,
102 (2013),102/12,2013/12,馬來西亞,"13,258",,,,,,,,,,,,,
103 (2014),103/01,2014/1,馬來西亞,"18,659",,,,,,,,,,,,,
103 (2014),103/02,2014/2,馬來西亞,"18,734",,,,,,,,,,,,,
103 (2014),103/03,2014/3,馬來西亞,"15,207",,,,,,,,,,,,,
103 (2014),103/04,2014/4,馬來西亞,"13,883",,,,,,,,,,,,,
103 (2014),103/05,2014/5,馬來西亞,"14,478",,,,,,,,,,,,,
103 (2014),103/06,2014/6,馬來西亞,"17,145",,,,,,,,,,,,,
103 (2014),103/07,2014/7,馬來西亞,"23,399",,,,,,,,,,,,,
103 (2014),103/08,2014/8,馬來西亞,"21,009",,,,,,,,,,,,,
103 (2014),103/09,2014/9,馬來西亞,"13,822",,,,,,,,,,,,,
103 (2014),103/10,2014/10,馬來西亞,"16,021",,,,,,,,,,,,,
103 (2014),103/11,2014/11,馬來西亞,"13,884",,,,,,,,,,,,,
103 (2014),103/12,2014/12,馬來西亞,"12,661",,,,,,,,,,,,,
104 (2015),104/01,2015/1,馬來西亞,"15,457",,,,,,,,,,,,,
104 (2015),104/02,2015/2,馬來西亞,"19,014",,,,,,,,,,,,,
104 (2015),104/03,2015/3,馬來西亞,"14,421",,,,,,,,,,,,,
104 (2015),104/04,2015/4,馬來西亞,"14,551",,,,,,,,,,,,,
104 (2015),104/05,2015/5,馬來西亞,"15,814",,,,,,,,,,,,,
104 (2015),104/06,2015/6,馬來西亞,"18,494",,,,,,,,,,,,,
104 (2015),104/07,2015/7,馬來西亞,"24,913",,,,,,,,,,,,,
104 (2015),104/08,2015/8,馬來西亞,"22,513",,,,,,,,,,,,,
104 (2015),104/09,2015/9,馬來西亞,"16,282",,,,,,,,,,,,,
104 (2015),104/10,2015/10,馬來西亞,"16,309",,,,,,,,,,,,,
104 (2015),104/11,2015/11,馬來西亞,"12,703",,,,,,,,,,,,,
104 (2015),104/12,2015/12,馬來西亞,"11,160",,,,,,,,,,,,,
105 (2016),105/01,2016/1,馬來西亞,"16,877",,,,,,,,,,,,,
105 (2016),105/02,2016/2,馬來西亞,"20,713",,,,,,,,,,,,,
105 (2016),105/03,2016/3,馬來西亞,"16,175",,,,,,,,,,,,,
105 (2016),105/04,2016/4,馬來西亞,"18,451",,,,,,,,,,,,,
105 (2016),105/05,2016/5,馬來西亞,"17,878",,,,,,,,,,,,,
105 (2016),105/06,2016/6,馬來西亞,"21,683",,,,,,,,,,,,,
105 (2016),105/07,2016/7,馬來西亞,"29,871",,,,,,,,,,,,,
105 (2016),105/08,2016/8,馬來西亞,"27,957",,,,,,,,,,,,,
105 (2016),105/09,2016/9,馬來西亞,"23,134",,,,,,,,,,,,,
105 (2016),105/10,2016/10,馬來西亞,"18,877",,,,,,,,,,,,,
105 (2016),105/11,2016/11,馬來西亞,"17,299",,,,,,,,,,,,,
105 (2016),105/12,2016/12,馬來西亞,"16,383",,,,,,,,,,,,,
106 (2017),106/01,2017/1,馬來西亞,"23,153",,,,,,,,,,,,,
106 (2017),106/02,2017/2,馬來西亞,"24,393",,,,,,,,,,,,,
106 (2017),106/03,2017/3,馬來西亞,"22,056",,,,,,,,,,,,,
106 (2017),106/04,2017/4,馬來西亞,"21,061",,,,,,,,,,,,,
106 (2017),106/05,2017/5,馬來西亞,"23,888",,,,,,,,,,,,,
106 (2017),106/06,2017/6,馬來西亞,"22,978",,,,,,,,,,,,,
106 (2017),106/07,2017/7,馬來西亞,"34,797",,,,,,,,,,,,,
106 (2017),106/08,2017/8,馬來西亞,"30,830",,,,,,,,,,,,,
106 (2017),106/09,2017/9,馬來西亞,"24,861",,,,,,,,,,,,,
106 (2017),106/10,2017/10,馬來西亞,"29,551",,,,,,,,,,,,,
101 (2012),101/01,2012/1,新加坡,"26,579",,,,,,,,,,,,,
101 (2012),101/02,2012/2,新加坡,"22,601",,,,,,,,,,,,,
101 (2012),101/03,2012/3,新加坡,"16,546",,,,,,,,,,,,,
101 (2012),101/04,2012/4,新加坡,"18,758",,,,,,,,,,,,,
101 (2012),101/05,2012/5,新加坡,"16,446",,,,,,,,,,,,,
101 (2012),101/06,2012/6,新加坡,"18,825",,,,,,,,,,,,,
101 (2012),101/07,2012/7,新加坡,"28,561",,,,,,,,,,,,,
101 (2012),101/08,2012/8,新加坡,"22,439",,,,,,,,,,,,,
101 (2012),101/09,2012/9,新加坡,"17,159",,,,,,,,,,,,,
101 (2012),101/10,2012/10,新加坡,"17,959",,,,,,,,,,,,,
101 (2012),101/11,2012/11,新加坡,"17,478",,,,,,,,,,,,,
101 (2012),101/12,2012/12,新加坡,"18,542",,,,,,,,,,,,,
102 (2013),102/01,2013/1,新加坡,"28,592",,,,,,,,,,,,,
102 (2013),102/02,2013/2,新加坡,"34,379",,,,,,,,,,,,,
102 (2013),102/03,2013/3,新加坡,"20,099",,,,,,,,,,,,,
102 (2013),102/04,2013/4,新加坡,"22,459",,,,,,,,,,,,,
102 (2013),102/05,2013/5,新加坡,"20,525",,,,,,,,,,,,,
102 (2013),102/06,2013/6,新加坡,"26,069",,,,,,,,,,,,,
102 (2013),102/07,2013/7,新加坡,"36,484",,,,,,,,,,,,,
102 (2013),102/08,2013/8,新加坡,"30,649",,,,,,,,,,,,,
102 (2013),102/09,2013/9,新加坡,"24,944",,,,,,,,,,,,,
102 (2013),102/10,2013/10,新加坡,"20,723",,,,,,,,,,,,,
102 (2013),102/11,2013/11,新加坡,"17,207",,,,,,,,,,,,,
102 (2013),102/12,2013/12,新加坡,"15,458",,,,,,,,,,,,,
103 (2014),103/01,2014/1,新加坡,"27,112",,,,,,,,,,,,,
103 (2014),103/02,2014/2,新加坡,"27,608",,,,,,,,,,,,,
103 (2014),103/03,2014/3,新加坡,"19,381",,,,,,,,,,,,,
103 (2014),103/04,2014/4,新加坡,"22,572",,,,,,,,,,,,,
103 (2014),103/05,2014/5,新加坡,"21,674",,,,,,,,,,,,,
103 (2014),103/06,2014/6,新加坡,"21,770",,,,,,,,,,,,,
103 (2014),103/07,2014/7,新加坡,"34,097",,,,,,,,,,,,,
103 (2014),103/08,2014/8,新加坡,"29,337",,,,,,,,,,,,,
103 (2014),103/09,2014/9,新加坡,"23,499",,,,,,,,,,,,,
103 (2014),103/10,2014/10,新加坡,"22,556",,,,,,,,,,,,,
103 (2014),103/11,2014/11,新加坡,"18,194",,,,,,,,,,,,,
103 (2014),103/12,2014/12,新加坡,"16,125",,,,,,,,,,,,,
104 (2015),104/01,2015/1,新加坡,"25,955",,,,,,,,,,,,,
104 (2015),104/02,2015/2,新加坡,"32,693",,,,,,,,,,,,,
104 (2015),104/03,2015/3,新加坡,"22,161",,,,,,,,,,,,,
104 (2015),104/04,2015/4,新加坡,"23,708",,,,,,,,,,,,,
104 (2015),104/05,2015/5,新加坡,"21,348",,,,,,,,,,,,,
104 (2015),104/06,2015/6,新加坡,"26,248",,,,,,,,,,,,,
104 (2015),104/07,2015/7,新加坡,"39,700",,,,,,,,,,,,,
104 (2015),104/08,2015/8,新加坡,"35,035",,,,,,,,,,,,,
104 (2015),104/09,2015/9,新加坡,"26,262",,,,,,,,,,,,,
104 (2015),104/10,2015/10,新加坡,"25,819",,,,,,,,,,,,,
104 (2015),104/11,2015/11,新加坡,"20,931",,,,,,,,,,,,,
104 (2015),104/12,2015/12,新加坡,"18,656",,,,,,,,,,,,,
105 (2016),105/01,2016/1,新加坡,"31,401",,,,,,,,,,,,,
105 (2016),105/02,2016/2,新加坡,"36,563",,,,,,,,,,,,,
105 (2016),105/03,2016/3,新加坡,"23,333",,,,,,,,,,,,,
105 (2016),105/04,2016/4,新加坡,"26,393",,,,,,,,,,,,,
105 (2016),105/05,2016/5,新加坡,"22,888",,,,,,,,,,,,,
105 (2016),105/06,2016/6,新加坡,"30,573",,,,,,,,,,,,,
105 (2016),105/07,2016/7,新加坡,"35,130",,,,,,,,,,,,,
105 (2016),105/08,2016/8,新加坡,"29,773",,,,,,,,,,,,,
105 (2016),105/09,2016/9,新加坡,"25,307",,,,,,,,,,,,,
105 (2016),105/10,2016/10,新加坡,"21,616",,,,,,,,,,,,,
105 (2016),105/11,2016/11,新加坡,"18,933",,,,,,,,,,,,,
105 (2016),105/12,2016/12,新加坡,"18,005",,,,,,,,,,,,,
106 (2017),106/01,2017/1,新加坡,"31,412",,,,,,,,,,,,,
106 (2017),106/02,2017/2,新加坡,"30,848",,,,,,,,,,,,,
106 (2017),106/03,2017/3,新加坡,"22,943",,,,,,,,,,,,,
106 (2017),106/04,2017/4,新加坡,"24,912",,,,,,,,,,,,,
106 (2017),106/05,2017/5,新加坡,"26,225",,,,,,,,,,,,,
106 (2017),106/06,2017/6,新加坡,"26,486",,,,,,,,,,,,,
106 (2017),106/07,2017/7,新加坡,"37,854",,,,,,,,,,,,,
106 (2017),106/08,2017/8,新加坡,"32,134",,,,,,,,,,,,,
106 (2017),106/09,2017/9,新加坡,"26,004",,,,,,,,,,,,,
106 (2017),106/10,2017/10,新加坡,"27,297",,,,,,,,,,,,,
101 (2012),101/01,2012/1,菲律賓,"21,298",,,,,,,,,,,,,
101 (2012),101/02,2012/2,菲律賓,"17,322",,,,,,,,,,,,,
101 (2012),101/03,2012/3,菲律賓,"16,900",,,,,,,,,,,,,
101 (2012),101/04,2012/4,菲律賓,"16,967",,,,,,,,,,,,,
101 (2012),101/05,2012/5,菲律賓,"18,407",,,,,,,,,,,,,
101 (2012),101/06,2012/6,菲律賓,"19,762",,,,,,,,,,,,,
101 (2012),101/07,2012/7,菲律賓,"22,693",,,,,,,,,,,,,
101 (2012),101/08,2012/8,菲律賓,"18,904",,,,,,,,,,,,,
101 (2012),101/09,2012/9,菲律賓,"15,469",,,,,,,,,,,,,
101 (2012),101/10,2012/10,菲律賓,"17,187",,,,,,,,,,,,,
101 (2012),101/11,2012/11,菲律賓,"14,086",,,,,,,,,,,,,
101 (2012),101/12,2012/12,菲律賓,"12,390",,,,,,,,,,,,,
102 (2013),102/01,2013/1,菲律賓,"15,583",,,,,,,,,,,,,
102 (2013),102/02,2013/2,菲律賓,"21,573",,,,,,,,,,,,,
102 (2013),102/03,2013/3,菲律賓,"15,108",,,,,,,,,,,,,
102 (2013),102/04,2013/4,菲律賓,"14,129",,,,,,,,,,,,,
102 (2013),102/05,2013/5,菲律賓,"10,237",,,,,,,,,,,,,
102 (2013),102/06,2013/6,菲律賓,"6,341",,,,,,,,,,,,,
102 (2013),102/07,2013/7,菲律賓,"8,279",,,,,,,,,,,,,
102 (2013),102/08,2013/8,菲律賓,"6,702",,,,,,,,,,,,,
102 (2013),102/09,2013/9,菲律賓,"6,796",,,,,,,,,,,,,
102 (2013),102/10,2013/10,菲律賓,"8,248",,,,,,,,,,,,,
102 (2013),102/11,2013/11,菲律賓,"8,684",,,,,,,,,,,,,
102 (2013),102/12,2013/12,菲律賓,"7,681",,,,,,,,,,,,,
103 (2014),103/01,2014/1,菲律賓,"11,344",,,,,,,,,,,,,
103 (2014),103/02,2014/2,菲律賓,"10,193",,,,,,,,,,,,,
103 (2014),103/03,2014/3,菲律賓,"9,294",,,,,,,,,,,,,
103 (2014),103/04,2014/4,菲律賓,"8,999",,,,,,,,,,,,,
103 (2014),103/05,2014/5,菲律賓,"10,440",,,,,,,,,,,,,
103 (2014),103/06,2014/6,菲律賓,"11,532",,,,,,,,,,,,,
103 (2014),103/07,2014/7,菲律賓,"14,763",,,,,,,,,,,,,
103 (2014),103/08,2014/8,菲律賓,"13,620",,,,,,,,,,,,,
103 (2014),103/09,2014/9,菲律賓,"11,551",,,,,,,,,,,,,
103 (2014),103/10,2014/10,菲律賓,"11,677",,,,,,,,,,,,,
103 (2014),103/11,2014/11,菲律賓,"9,759",,,,,,,,,,,,,
103 (2014),103/12,2014/12,菲律賓,"10,411",,,,,,,,,,,,,
104 (2015),104/01,2015/1,菲律賓,"11,112",,,,,,,,,,,,,
104 (2015),104/02,2015/2,菲律賓,"16,525",,,,,,,,,,,,,
104 (2015),104/03,2015/3,菲律賓,"14,804",,,,,,,,,,,,,
104 (2015),104/04,2015/4,菲律賓,"14,838",,,,,,,,,,,,,
104 (2015),104/05,2015/5,菲律賓,"14,719",,,,,,,,,,,,,
104 (2015),104/06,2015/6,菲律賓,"16,136",,,,,,,,,,,,,
104 (2015),104/07,2015/7,菲律賓,"19,031",,,,,,,,,,,,,
104 (2015),104/08,2015/8,菲律賓,"16,199",,,,,,,,,,,,,
104 (2015),104/09,2015/9,菲律賓,"14,529",,,,,,,,,,,,,
104 (2015),104/10,2015/10,菲律賓,"16,192",,,,,,,,,,,,,
104 (2015),104/11,2015/11,菲律賓,"13,176",,,,,,,,,,,,,
104 (2015),104/12,2015/12,菲律賓,"12,830",,,,,,,,,,,,,
105 (2016),105/01,2016/1,菲律賓,"15,620",,,,,,,,,,,,,
105 (2016),105/02,2016/2,菲律賓,"18,711",,,,,,,,,,,,,
105 (2016),105/03,2016/3,菲律賓,"16,239",,,,,,,,,,,,,
105 (2016),105/04,2016/4,菲律賓,"18,676",,,,,,,,,,,,,
105 (2016),105/05,2016/5,菲律賓,"18,826",,,,,,,,,,,,,
105 (2016),105/06,2016/6,菲律賓,"23,112",,,,,,,,,,,,,
105 (2016),105/07,2016/7,菲律賓,"25,752",,,,,,,,,,,,,
105 (2016),105/08,2016/8,菲律賓,"22,032",,,,,,,,,,,,,
105 (2016),105/09,2016/9,菲律賓,"21,798",,,,,,,,,,,,,
105 (2016),105/10,2016/10,菲律賓,"18,409",,,,,,,,,,,,,
105 (2016),105/11,2016/11,菲律賓,"16,735",,,,,,,,,,,,,
105 (2016),105/12,2016/12,菲律賓,"15,891",,,,,,,,,,,,,
106 (2017),106/01,2017/1,菲律賓,"22,703",,,,,,,,,,,,,
106 (2017),106/02,2017/2,菲律賓,"21,308",,,,,,,,,,,,,
106 (2017),106/03,2017/3,菲律賓,"21,126",,,,,,,,,,,,,
106 (2017),106/04,2017/4,菲律賓,"19,949",,,,,,,,,,,,,
106 (2017),106/05,2017/5,菲律賓,"21,634",,,,,,,,,,,,,
106 (2017),106/06,2017/6,菲律賓,"18,837",,,,,,,,,,,,,
106 (2017),106/07,2017/7,菲律賓,"22,920",,,,,,,,,,,,,
106 (2017),106/08,2017/8,菲律賓,"19,051",,,,,,,,,,,,,
106 (2017),106/09,2017/9,菲律賓,"17,003",,,,,,,,,,,,,
106 (2017),106/10,2017/10,菲律賓,"20,289",,,,,,,,,,,,,
101 (2012),101/01,2012/1,印尼,"20,955",,,,,,,,,,,,,
101 (2012),101/02,2012/2,印尼,"15,326",,,,,,,,,,,,,
101 (2012),101/03,2012/3,印尼,"14,929",,,,,,,,,,,,,
101 (2012),101/04,2012/4,印尼,"16,200",,,,,,,,,,,,,
101 (2012),101/05,2012/5,印尼,"16,795",,,,,,,,,,,,,
101 (2012),101/06,2012/6,印尼,"19,619",,,,,,,,,,,,,
101 (2012),101/07,2012/7,印尼,"21,085",,,,,,,,,,,,,
101 (2012),101/08,2012/8,印尼,"16,802",,,,,,,,,,,,,
101 (2012),101/09,2012/9,印尼,"16,232",,,,,,,,,,,,,
101 (2012),101/10,2012/10,印尼,"18,961",,,,,,,,,,,,,
101 (2012),101/11,2012/11,印尼,"11,537",,,,,,,,,,,,,
101 (2012),101/12,2012/12,印尼,"10,452",,,,,,,,,,,,,
102 (2013),102/01,2013/1,印尼,"10,597",,,,,,,,,,,,,
102 (2013),102/02,2013/2,印尼,"17,474",,,,,,,,,,,,,
102 (2013),102/03,2013/3,印尼,"13,390",,,,,,,,,,,,,
102 (2013),102/04,2013/4,印尼,"13,472",,,,,,,,,,,,,
102 (2013),102/05,2013/5,印尼,"12,612",,,,,,,,,,,,,
102 (2013),102/06,2013/6,印尼,"16,063",,,,,,,,,,,,,
102 (2013),102/07,2013/7,印尼,"16,650",,,,,,,,,,,,,
102 (2013),102/08,2013/8,印尼,"14,313",,,,,,,,,,,,,
102 (2013),102/09,2013/9,印尼,"15,592",,,,,,,,,,,,,
102 (2013),102/10,2013/10,印尼,"13,047",,,,,,,,,,,,,
102 (2013),102/11,2013/11,印尼,"12,013",,,,,,,,,,,,,
102 (2013),102/12,2013/12,印尼,"11,155",,,,,,,,,,,,,
103 (2014),103/01,2014/1,印尼,"15,077",,,,,,,,,,,,,
103 (2014),103/02,2014/2,印尼,"15,747",,,,,,,,,,,,,
103 (2014),103/03,2014/3,印尼,"13,628",,,,,,,,,,,,,
103 (2014),103/04,2014/4,印尼,"13,025",,,,,,,,,,,,,
103 (2014),103/05,2014/5,印尼,"13,800",,,,,,,,,,,,,
103 (2014),103/06,2014/6,印尼,"16,731",,,,,,,,,,,,,
103 (2014),103/07,2014/7,印尼,"16,122",,,,,,,,,,,,,
103 (2014),103/08,2014/8,印尼,"15,447",,,,,,,,,,,,,
103 (2014),103/09,2014/9,印尼,"14,327",,,,,,,,,,,,,
103 (2014),103/10,2014/10,印尼,"12,921",,,,,,,,,,,,,
103 (2014),103/11,2014/11,印尼,"12,093",,,,,,,,,,,,,
103 (2014),103/12,2014/12,印尼,"11,383",,,,,,,,,,,,,
104 (2015),104/01,2015/1,印尼,"11,863",,,,,,,,,,,,,
104 (2015),104/02,2015/2,印尼,"17,148",,,,,,,,,,,,,
104 (2015),104/03,2015/3,印尼,"16,066",,,,,,,,,,,,,
104 (2015),104/04,2015/4,印尼,"14,066",,,,,,,,,,,,,
104 (2015),104/05,2015/5,印尼,"14,530",,,,,,,,,,,,,
104 (2015),104/06,2015/6,印尼,"17,212",,,,,,,,,,,,,
104 (2015),104/07,2015/7,印尼,"18,707",,,,,,,,,,,,,
104 (2015),104/08,2015/8,印尼,"17,259",,,,,,,,,,,,,
104 (2015),104/09,2015/9,印尼,"14,407",,,,,,,,,,,,,
104 (2015),104/10,2015/10,印尼,"12,820",,,,,,,,,,,,,
104 (2015),104/11,2015/11,印尼,"11,487",,,,,,,,,,,,,
104 (2015),104/12,2015/12,印尼,"10,913",,,,,,,,,,,,,
105 (2016),105/01,2016/1,印尼,"12,438",,,,,,,,,,,,,
105 (2016),105/02,2016/2,印尼,"16,789",,,,,,,,,,,,,
105 (2016),105/03,2016/3,印尼,"13,811",,,,,,,,,,,,,
105 (2016),105/04,2016/4,印尼,"13,628",,,,,,,,,,,,,
105 (2016),105/05,2016/5,印尼,"14,617",,,,,,,,,,,,,
105 (2016),105/06,2016/6,印尼,"15,736",,,,,,,,,,,,,
105 (2016),105/07,2016/7,印尼,"17,448",,,,,,,,,,,,,
105 (2016),105/08,2016/8,印尼,"14,408",,,,,,,,,,,,,
105 (2016),105/09,2016/9,印尼,"15,711",,,,,,,,,,,,,
105 (2016),105/10,2016/10,印尼,"15,094",,,,,,,,,,,,,
105 (2016),105/11,2016/11,印尼,"13,670",,,,,,,,,,,,,
105 (2016),105/12,2016/12,印尼,"12,388",,,,,,,,,,,,,
106 (2017),106/01,2017/1,印尼,"17,317",,,,,,,,,,,,,
106 (2017),106/02,2017/2,印尼,"16,385",,,,,,,,,,,,,
106 (2017),106/03,2017/3,印尼,"15,773",,,,,,,,,,,,,
106 (2017),106/04,2017/4,印尼,"14,989",,,,,,,,,,,,,
106 (2017),106/05,2017/5,印尼,"16,947",,,,,,,,,,,,,
106 (2017),106/06,2017/6,印尼,"15,895",,,,,,,,,,,,,
106 (2017),106/07,2017/7,印尼,"17,267",,,,,,,,,,,,,
106 (2017),106/08,2017/8,印尼,"15,513",,,,,,,,,,,,,
106 (2017),106/09,2017/9,印尼,"14,758",,,,,,,,,,,,,
106 (2017),106/10,2017/10,印尼,"13,360",,,,,,,,,,,,,
101 (2012),101/01,2012/1,美國,"58,137",,,,,,,,,,,,,
101 (2012),101/02,2012/2,美國,"31,839",,,,,,,,,,,,,
101 (2012),101/03,2012/3,美國,"32,463",,,,,,,,,,,,,
101 (2012),101/04,2012/4,美國,"36,456",,,,,,,,,,,,,
101 (2012),101/05,2012/5,美國,"39,012",,,,,,,,,,,,,
101 (2012),101/06,2012/6,美國,"47,638",,,,,,,,,,,,,
101 (2012),101/07,2012/7,美國,"53,530",,,,,,,,,,,,,
101 (2012),101/08,2012/8,美國,"49,592",,,,,,,,,,,,,
101 (2012),101/09,2012/9,美國,"36,420",,,,,,,,,,,,,
101 (2012),101/10,2012/10,美國,"35,328",,,,,,,,,,,,,
101 (2012),101/11,2012/11,美國,"25,066",,,,,,,,,,,,,
101 (2012),101/12,2012/12,美國,"24,087",,,,,,,,,,,,,
102 (2013),102/01,2013/1,美國,"30,631",,,,,,,,,,,,,
102 (2013),102/02,2013/2,美國,"30,534",,,,,,,,,,,,,
102 (2013),102/03,2013/3,美國,"24,015",,,,,,,,,,,,,
102 (2013),102/04,2013/4,美國,"27,033",,,,,,,,,,,,,
102 (2013),102/05,2013/5,美國,"30,061",,,,,,,,,,,,,
102 (2013),102/06,2013/6,美國,"39,258",,,,,,,,,,,,,
102 (2013),102/07,2013/7,美國,"43,053",,,,,,,,,,,,,
102 (2013),102/08,2013/8,美國,"39,241",,,,,,,,,,,,,
102 (2013),102/09,2013/9,美國,"32,700",,,,,,,,,,,,,
102 (2013),102/10,2013/10,美國,"28,460",,,,,,,,,,,,,
102 (2013),102/11,2013/11,美國,"28,774",,,,,,,,,,,,,
102 (2013),102/12,2013/12,美國,"27,614",,,,,,,,,,,,,
103 (2014),103/01,2014/1,美國,"37,824",,,,,,,,,,,,,
103 (2014),103/02,2014/2,美國,"27,409",,,,,,,,,,,,,
103 (2014),103/03,2014/3,美國,"28,289",,,,,,,,,,,,,
103 (2014),103/04,2014/4,美國,"30,914",,,,,,,,,,,,,
103 (2014),103/05,2014/5,美國,"36,388",,,,,,,,,,,,,
103 (2014),103/06,2014/6,美國,"42,758",,,,,,,,,,,,,
103 (2014),103/07,2014/7,美國,"45,585",,,,,,,,,,,,,
103 (2014),103/08,2014/8,美國,"42,081",,,,,,,,,,,,,
103 (2014),103/09,2014/9,美國,"34,960",,,,,,,,,,,,,
103 (2014),103/10,2014/10,美國,"32,289",,,,,,,,,,,,,
103 (2014),103/11,2014/11,美國,"32,983",,,,,,,,,,,,,
103 (2014),103/12,2014/12,美國,"33,658",,,,,,,,,,,,,
104 (2015),104/01,2015/1,美國,"37,765",,,,,,,,,,,,,
104 (2015),104/02,2015/2,美國,"37,330",,,,,,,,,,,,,
104 (2015),104/03,2015/3,美國,"37,801",,,,,,,,,,,,,
104 (2015),104/04,2015/4,美國,"36,298",,,,,,,,,,,,,
104 (2015),104/05,2015/5,美國,"40,499",,,,,,,,,,,,,
104 (2015),104/06,2015/6,美國,"47,232",,,,,,,,,,,,,
104 (2015),104/07,2015/7,美國,"49,868",,,,,,,,,,,,,
104 (2015),104/08,2015/8,美國,"44,802",,,,,,,,,,,,,
104 (2015),104/09,2015/9,美國,"38,394",,,,,,,,,,,,,
104 (2015),104/10,2015/10,美國,"35,795",,,,,,,,,,,,,
104 (2015),104/11,2015/11,美國,"36,969",,,,,,,,,,,,,
104 (2015),104/12,2015/12,美國,"34,403",,,,,,,,,,,,,
105 (2016),105/01,2016/1,美國,"47,275",,,,,,,,,,,,,
105 (2016),105/02,2016/2,美國,"44,360",,,,,,,,,,,,,
105 (2016),105/03,2016/3,美國,"35,775",,,,,,,,,,,,,
105 (2016),105/04,2016/4,美國,"36,653",,,,,,,,,,,,,
105 (2016),105/05,2016/5,美國,"41,635",,,,,,,,,,,,,
105 (2016),105/06,2016/6,美國,"49,742",,,,,,,,,,,,,
105 (2016),105/07,2016/7,美國,"49,953",,,,,,,,,,,,,
105 (2016),105/08,2016/8,美國,"47,253",,,,,,,,,,,,,
105 (2016),105/09,2016/9,美國,"48,205",,,,,,,,,,,,,
105 (2016),105/10,2016/10,美國,"41,978",,,,,,,,,,,,,
105 (2016),105/11,2016/11,美國,"43,158",,,,,,,,,,,,,
105 (2016),105/12,2016/12,美國,"41,112",,,,,,,,,,,,,
106 (2017),106/01,2017/1,美國,"54,682",,,,,,,,,,,,,
106 (2017),106/02,2017/2,美國,"41,645",,,,,,,,,,,,,
106 (2017),106/03,2017/3,美國,"41,800",,,,,,,,,,,,,
106 (2017),106/04,2017/4,美國,"43,398",,,,,,,,,,,,,
106 (2017),106/05,2017/5,美國,"53,135",,,,,,,,,,,,,
106 (2017),106/06,2017/6,美國,"54,916",,,,,,,,,,,,,
106 (2017),106/07,2017/7,美國,"52,697",,,,,,,,,,,,,
106 (2017),106/08,2017/8,美國,"50,666",,,,,,,,,,,,,
106 (2017),106/09,2017/9,美國,"48,301",,,,,,,,,,,,,
106 (2017),106/10,2017/10,美國,"48,604",,,,,,,,,,,,,
101 (2012),101/01,2012/1,加拿大,"6,939",,,,,,,,,,,,,
101 (2012),101/02,2012/2,加拿大,"3,629",,,,,,,,,,,,,
101 (2012),101/03,2012/3,加拿大,"4,579",,,,,,,,,,,,,
101 (2012),101/04,2012/4,加拿大,"5,508",,,,,,,,,,,,,
101 (2012),101/05,2012/5,加拿大,"5,426",,,,,,,,,,,,,
101 (2012),101/06,2012/6,加拿大,"7,228",,,,,,,,,,,,,
101 (2012),101/07,2012/7,加拿大,"7,045",,,,,,,,,,,,,
101 (2012),101/08,2012/8,加拿大,"7,937",,,,,,,,,,,,,
101 (2012),101/09,2012/9,加拿大,"6,659",,,,,,,,,,,,,
101 (2012),101/10,2012/10,加拿大,"5,083",,,,,,,,,,,,,
101 (2012),101/11,2012/11,加拿大,"3,175",,,,,,,,,,,,,
101 (2012),101/12,2012/12,加拿大,"3,406",,,,,,,,,,,,,
102 (2013),102/01,2013/1,加拿大,"4,468",,,,,,,,,,,,,
102 (2013),102/02,2013/2,加拿大,"4,329",,,,,,,,,,,,,
102 (2013),102/03,2013/3,加拿大,"4,468",,,,,,,,,,,,,
102 (2013),102/04,2013/4,加拿大,"5,341",,,,,,,,,,,,,
102 (2013),102/05,2013/5,加拿大,"6,091",,,,,,,,,,,,,
102 (2013),102/06,2013/6,加拿大,"7,109",,,,,,,,,,,,,
102 (2013),102/07,2013/7,加拿大,"6,723",,,,,,,,,,,,,
102 (2013),102/08,2013/8,加拿大,"7,537",,,,,,,,,,,,,
102 (2013),102/09,2013/9,加拿大,"6,755",,,,,,,,,,,,,
102 (2013),102/10,2013/10,加拿大,"5,136",,,,,,,,,,,,,
102 (2013),102/11,2013/11,加拿大,"3,464",,,,,,,,,,,,,
102 (2013),102/12,2013/12,加拿大,"3,665",,,,,,,,,,,,,
103 (2014),103/01,2014/1,加拿大,"5,565",,,,,,,,,,,,,
103 (2014),103/02,2014/2,加拿大,"3,766",,,,,,,,,,,,,
103 (2014),103/03,2014/3,加拿大,"4,440",,,,,,,,,,,,,
103 (2014),103/04,2014/4,加拿大,"5,286",,,,,,,,,,,,,
103 (2014),103/05,2014/5,加拿大,"6,110",,,,,,,,,,,,,
103 (2014),103/06,2014/6,加拿大,"8,009",,,,,,,,,,,,,
103 (2014),103/07,2014/7,加拿大,"7,399",,,,,,,,,,,,,
103 (2014),103/08,2014/8,加拿大,"7,605",,,,,,,,,,,,,
103 (2014),103/09,2014/9,加拿大,"7,766",,,,,,,,,,,,,
103 (2014),103/10,2014/10,加拿大,"6,144",,,,,,,,,,,,,
103 (2014),103/11,2014/11,加拿大,"3,586",,,,,,,,,,,,,
103 (2014),103/12,2014/12,加拿大,"4,609",,,,,,,,,,,,,
104 (2015),104/01,2015/1,加拿大,"4,650",,,,,,,,,,,,,
104 (2015),104/02,2015/2,加拿大,"4,546",,,,,,,,,,,,,
104 (2015),104/03,2015/3,加拿大,"5,502",,,,,,,,,,,,,
104 (2015),104/04,2015/4,加拿大,"5,882",,,,,,,,,,,,,
104 (2015),104/05,2015/5,加拿大,"6,347",,,,,,,,,,,,,
104 (2015),104/06,2015/6,加拿大,"8,398",,,,,,,,,,,,,
104 (2015),104/07,2015/7,加拿大,"6,766",,,,,,,,,,,,,
104 (2015),104/08,2015/8,加拿大,"6,739",,,,,,,,,,,,,
104 (2015),104/09,2015/9,加拿大,"7,924",,,,,,,,,,,,,
104 (2015),104/10,2015/10,加拿大,"5,286",,,,,,,,,,,,,
104 (2015),104/11,2015/11,加拿大,"4,564",,,,,,,,,,,,,
104 (2015),104/12,2015/12,加拿大,"4,475",,,,,,,,,,,,,
105 (2016),105/01,2016/1,加拿大,"5,958",,,,,,,,,,,,,
105 (2016),105/02,2016/2,加拿大,"6,247",,,,,,,,,,,,,
105 (2016),105/03,2016/3,加拿大,"6,135",,,,,,,,,,,,,
105 (2016),105/04,2016/4,加拿大,"6,773",,,,,,,,,,,,,
105 (2016),105/05,2016/5,加拿大,"7,247",,,,,,,,,,,,,
105 (2016),105/06,2016/6,加拿大,"10,481",,,,,,,,,,,,,
105 (2016),105/07,2016/7,加拿大,"8,755",,,,,,,,,,,,,
105 (2016),105/08,2016/8,加拿大,"7,682",,,,,,,,,,,,,
105 (2016),105/09,2016/9,加拿大,"10,566",,,,,,,,,,,,,
105 (2016),105/10,2016/10,加拿大,"10,721",,,,,,,,,,,,,
105 (2016),105/11,2016/11,加拿大,"7,401",,,,,,,,,,,,,
105 (2016),105/12,2016/12,加拿大,"5,439",,,,,,,,,,,,,
106 (2017),106/01,2017/1,加拿大,"7,436",,,,,,,,,,,,,
106 (2017),106/02,2017/2,加拿大,"5,566",,,,,,,,,,,,,
106 (2017),106/03,2017/3,加拿大,"7,219",,,,,,,,,,,,,
106 (2017),106/04,2017/4,加拿大,"7,257",,,,,,,,,,,,,
106 (2017),106/05,2017/5,加拿大,"10,460",,,,,,,,,,,,,
106 (2017),106/06,2017/6,加拿大,"12,949",,,,,,,,,,,,,
106 (2017),106/07,2017/7,加拿大,"10,993",,,,,,,,,,,,,
106 (2017),106/08,2017/8,加拿大,"10,193",,,,,,,,,,,,,
106 (2017),106/09,2017/9,加拿大,"13,592",,,,,,,,,,,,,
106 (2017),106/10,2017/10,加拿大,"12,714",,,,,,,,,,,,,
